<annotation>
	<folder>images</folder>
	<filename>annamalai.jpg</filename>
	<path>G:\Scandat\sacndat_studio\BotBees\images\annamalai.jpg</path>
	<source>
		<database>Unknown</database>
	</source>
	<size>
		<width>2481</width>
		<height>3508</height>
		<depth>3</depth>
	</size>
	<segmented>0</segmented>
	<object>
		<name>person</name>
		<pose>Unspecified</pose>
		<truncated>0</truncated>
		<difficult>0</difficult>
		<bndbox>
			<xmin>104</xmin>
			<ymin>726</ymin>
			<xmax>499</xmax>
			<ymax>848</ymax>
		</bndbox>
	</object>
	<object>
		<name>cat</name>
		<pose>Unspecified</pose>
		<truncated>0</truncated>
		<difficult>0</difficult>
		<bndbox>
			<xmin>1921</xmin>
			<ymin>754</ymin>
			<xmax>2399</xmax>
			<ymax>842</ymax>
		</bndbox>
	</object>
</annotation>
