<annotation>
	<folder>gowtham stores</folder>
	<filename>ashok.jpg</filename>
	<path>G:/Scandat/sacndat_studio/BotBees/xml files/ashok.xml</path>
	<source>
		<database>Unknown</database>
	</source>
	<size>
		<width>2481</width>
		<height>3508</height>
		<depth>3</depth>
	</size>
	<segmented>0</segmented>
	<object>
		<name>step1</name>
		<pose>Unspecified</pose>
		<truncated>0</truncated>
		<difficult>0</difficult>
		<bndbox>
			<xmin>97</xmin>
			<ymin>746</ymin>
			<xmax>472</xmax>
			<ymax>839</ymax>
		</bndbox>
	</object>
	<object>
		<name>step2</name>
		<pose>Unspecified</pose>
		<truncated>0</truncated>
		<difficult>0</difficult>
		<bndbox>
			<xmin>1887</xmin>
			<ymin>761</ymin>
			<xmax>2379</xmax>
			<ymax>836</ymax>
		</bndbox>
	</object>
	<object>
		<name>step3</name>
		<pose>Unspecified</pose>
		<truncated>0</truncated>
		<difficult>0</difficult>
		<bndbox>
			<xmin>87</xmin>
			<ymin>936</ymin>
			<xmax>533</xmax>
			<ymax>1100</ymax>
		</bndbox>
	</object>
	<object>
		<name>step4</name>
		<pose>Unspecified</pose>
		<truncated>0</truncated>
		<difficult>0</difficult>
		<bndbox>
			<xmin>1633</xmin>
			<ymin>929</ymin>
			<xmax>2133</xmax>
			<ymax>1089</ymax>
		</bndbox>
	</object>
	<object>
		<name>step5</name>
		<pose>Unspecified</pose>
		<truncated>0</truncated>
		<difficult>0</difficult>
		<bndbox>
			<xmin>54</xmin>
			<ymin>1143</ymin>
			<xmax>2408</xmax>
			<ymax>1514</ymax>
		</bndbox>
	</object>
	<object>
		<name>step6</name>
		<pose>Unspecified</pose>
		<truncated>0</truncated>
		<difficult>0</difficult>
		<bndbox>
			<xmin>1629</xmin>
			<ymin>2400</ymin>
			<xmax>2412</xmax>
			<ymax>2489</ymax>
		</bndbox>
	</object>
</annotation>