<annotation>
	<folder>gowtham stores</folder>
	<filename>dhivya'.jpg</filename>
	<path>G:\labelimg\gowtham stores\dhivya'.jpg</path>
	<source>
		<database>Unknown</database>
	</source>
	<size>
		<width>2481</width>
		<height>3508</height>
		<depth>3</depth>
	</size>
	<segmented>0</segmented>
	<object>
		<name>step1</name>
		<pose>Unspecified</pose>
		<truncated>0</truncated>
		<difficult>0</difficult>
		<bndbox>
			<xmin>104</xmin>
			<ymin>757</ymin>
			<xmax>494</xmax>
			<ymax>850</ymax>
		</bndbox>
	</object>
	<object>
		<name>step2</name>
		<pose>Unspecified</pose>
		<truncated>0</truncated>
		<difficult>0</difficult>
		<bndbox>
			<xmin>1915</xmin>
			<ymin>743</ymin>
			<xmax>2383</xmax>
			<ymax>836</ymax>
		</bndbox>
	</object>
	<object>
		<name>step3</name>
		<pose>Unspecified</pose>
		<truncated>0</truncated>
		<difficult>0</difficult>
		<bndbox>
			<xmin>101</xmin>
			<ymin>929</ymin>
			<xmax>562</xmax>
			<ymax>1079</ymax>
		</bndbox>
	</object>
	<object>
		<name>step4</name>
		<pose>Unspecified</pose>
		<truncated>0</truncated>
		<difficult>0</difficult>
		<bndbox>
			<xmin>97</xmin>
			<ymin>1082</ymin>
			<xmax>633</xmax>
			<ymax>1161</ymax>
		</bndbox>
	</object>
	<object>
		<name>step5</name>
		<pose>Unspecified</pose>
		<truncated>0</truncated>
		<difficult>0</difficult>
		<bndbox>
			<xmin>1662</xmin>
			<ymin>946</ymin>
			<xmax>2094</xmax>
			<ymax>1071</ymax>
		</bndbox>
	</object>
	<object>
		<name>step6</name>
		<pose>Unspecified</pose>
		<truncated>0</truncated>
		<difficult>0</difficult>
		<bndbox>
			<xmin>72</xmin>
			<ymin>1211</ymin>
			<xmax>2415</xmax>
			<ymax>1668</ymax>
		</bndbox>
	</object>
	<object>
		<name>step7</name>
		<pose>Unspecified</pose>
		<truncated>0</truncated>
		<difficult>0</difficult>
		<bndbox>
			<xmin>1612</xmin>
			<ymin>2357</ymin>
			<xmax>2390</xmax>
			<ymax>2439</ymax>
		</bndbox>
	</object>
</annotation>
