<annotation>
	<folder>gowtham stores</folder>
	<filename>kanakaraj.jpg</filename>
	<path>G:\labelimg\gowtham stores\kanakaraj.jpg</path>
	<source>
		<database>Unknown</database>
	</source>
	<size>
		<width>2481</width>
		<height>3508</height>
		<depth>3</depth>
	</size>
	<segmented>0</segmented>
	<object>
		<name>step1</name>
		<pose>Unspecified</pose>
		<truncated>0</truncated>
		<difficult>0</difficult>
		<bndbox>
			<xmin>104</xmin>
			<ymin>743</ymin>
			<xmax>494</xmax>
			<ymax>839</ymax>
		</bndbox>
	</object>
	<object>
		<name>step2</name>
		<pose>Unspecified</pose>
		<truncated>0</truncated>
		<difficult>0</difficult>
		<bndbox>
			<xmin>972</xmin>
			<ymin>743</ymin>
			<xmax>1447</xmax>
			<ymax>836</ymax>
		</bndbox>
	</object>
	<object>
		<name>step3</name>
		<pose>Unspecified</pose>
		<truncated>0</truncated>
		<difficult>0</difficult>
		<bndbox>
			<xmin>87</xmin>
			<ymin>932</ymin>
			<xmax>533</xmax>
			<ymax>1089</ymax>
		</bndbox>
	</object>
	<object>
		<name>step4</name>
		<pose>Unspecified</pose>
		<truncated>0</truncated>
		<difficult>0</difficult>
		<bndbox>
			<xmin>94</xmin>
			<ymin>1082</ymin>
			<xmax>644</xmax>
			<ymax>1161</ymax>
		</bndbox>
	</object>
	<object>
		<name>step5</name>
		<pose>Unspecified</pose>
		<truncated>0</truncated>
		<difficult>0</difficult>
		<bndbox>
			<xmin>1647</xmin>
			<ymin>943</ymin>
			<xmax>2101</xmax>
			<ymax>1089</ymax>
		</bndbox>
	</object>
	<object>
		<name>step6</name>
		<pose>Unspecified</pose>
		<truncated>0</truncated>
		<difficult>0</difficult>
		<bndbox>
			<xmin>94</xmin>
			<ymin>1204</ymin>
			<xmax>2412</xmax>
			<ymax>1668</ymax>
		</bndbox>
	</object>
	<object>
		<name>step7</name>
		<pose>Unspecified</pose>
		<truncated>0</truncated>
		<difficult>0</difficult>
		<bndbox>
			<xmin>1647</xmin>
			<ymin>2354</ymin>
			<xmax>2401</xmax>
			<ymax>2418</ymax>
		</bndbox>
	</object>
</annotation>
