<annotation>
	<folder>gowtham stores</folder>
	<filename>kanna.jpg</filename>
	<path>G:\labelimg\gowtham stores\kanna.jpg</path>
	<source>
		<database>Unknown</database>
	</source>
	<size>
		<width>2481</width>
		<height>3508</height>
		<depth>3</depth>
	</size>
	<segmented>0</segmented>
	<object>
		<name>step1</name>
		<pose>Unspecified</pose>
		<truncated>0</truncated>
		<difficult>0</difficult>
		<bndbox>
			<xmin>104</xmin>
			<ymin>761</ymin>
			<xmax>504</xmax>
			<ymax>843</ymax>
		</bndbox>
	</object>
	<object>
		<name>step2</name>
		<pose>Unspecified</pose>
		<truncated>0</truncated>
		<difficult>0</difficult>
		<bndbox>
			<xmin>1901</xmin>
			<ymin>761</ymin>
			<xmax>2394</xmax>
			<ymax>832</ymax>
		</bndbox>
	</object>
	<object>
		<name>step3</name>
		<pose>Unspecified</pose>
		<truncated>0</truncated>
		<difficult>0</difficult>
		<bndbox>
			<xmin>97</xmin>
			<ymin>939</ymin>
			<xmax>715</xmax>
			<ymax>1086</ymax>
		</bndbox>
	</object>
	<object>
		<name>step4</name>
		<pose>Unspecified</pose>
		<truncated>0</truncated>
		<difficult>0</difficult>
		<bndbox>
			<xmin>94</xmin>
			<ymin>1079</ymin>
			<xmax>644</xmax>
			<ymax>1157</ymax>
		</bndbox>
	</object>
	<object>
		<name>step5</name>
		<pose>Unspecified</pose>
		<truncated>0</truncated>
		<difficult>0</difficult>
		<bndbox>
			<xmin>1644</xmin>
			<ymin>932</ymin>
			<xmax>2290</xmax>
			<ymax>1089</ymax>
		</bndbox>
	</object>
	<object>
		<name>step6</name>
		<pose>Unspecified</pose>
		<truncated>0</truncated>
		<difficult>0</difficult>
		<bndbox>
			<xmin>76</xmin>
			<ymin>1207</ymin>
			<xmax>2379</xmax>
			<ymax>2150</ymax>
		</bndbox>
	</object>
	<object>
		<name>step7</name>
		<pose>Unspecified</pose>
		<truncated>0</truncated>
		<difficult>0</difficult>
		<bndbox>
			<xmin>1640</xmin>
			<ymin>2421</ymin>
			<xmax>2401</xmax>
			<ymax>2482</ymax>
		</bndbox>
	</object>
</annotation>
