<annotation>
	<folder>gowtham stores</folder>
	<filename>rahuman.jpg</filename>
	<path>G:\labelimg\gowtham stores\rahuman.jpg</path>
	<source>
		<database>Unknown</database>
	</source>
	<size>
		<width>2481</width>
		<height>3508</height>
		<depth>3</depth>
	</size>
	<segmented>0</segmented>
	<object>
		<name>step1</name>
		<pose>Unspecified</pose>
		<truncated>0</truncated>
		<difficult>0</difficult>
		<bndbox>
			<xmin>101</xmin>
			<ymin>750</ymin>
			<xmax>462</xmax>
			<ymax>836</ymax>
		</bndbox>
	</object>
	<object>
		<name>step2</name>
		<pose>Unspecified</pose>
		<truncated>0</truncated>
		<difficult>0</difficult>
		<bndbox>
			<xmin>1908</xmin>
			<ymin>743</ymin>
			<xmax>2390</xmax>
			<ymax>821</ymax>
		</bndbox>
	</object>
	<object>
		<name>step3</name>
		<pose>Unspecified</pose>
		<truncated>0</truncated>
		<difficult>0</difficult>
		<bndbox>
			<xmin>97</xmin>
			<ymin>939</ymin>
			<xmax>412</xmax>
			<ymax>1079</ymax>
		</bndbox>
	</object>
	<object>
		<name>step4</name>
		<pose>Unspecified</pose>
		<truncated>0</truncated>
		<difficult>0</difficult>
		<bndbox>
			<xmin>101</xmin>
			<ymin>1075</ymin>
			<xmax>633</xmax>
			<ymax>1164</ymax>
		</bndbox>
	</object>
	<object>
		<name>step5</name>
		<pose>Unspecified</pose>
		<truncated>0</truncated>
		<difficult>0</difficult>
		<bndbox>
			<xmin>1651</xmin>
			<ymin>932</ymin>
			<xmax>1951</xmax>
			<ymax>1086</ymax>
		</bndbox>
	</object>
	<object>
		<name>step6</name>
		<pose>Unspecified</pose>
		<truncated>0</truncated>
		<difficult>0</difficult>
		<bndbox>
			<xmin>33</xmin>
			<ymin>1207</ymin>
			<xmax>2433</xmax>
			<ymax>1596</ymax>
		</bndbox>
	</object>
	<object>
		<name>step7</name>
		<pose>Unspecified</pose>
		<truncated>0</truncated>
		<difficult>0</difficult>
		<bndbox>
			<xmin>1637</xmin>
			<ymin>2375</ymin>
			<xmax>2404</xmax>
			<ymax>2450</ymax>
		</bndbox>
	</object>
</annotation>
